is_fix_like,proportion
0,0.11322859533327136
1,0.8867714046667287
